ID_Siswa,Kehadiran_Persen,Jam_Belajar_per_Hari,Nilai_Tugas,Nilai_Ujian,Lulus
1,57,7.4,87,97,Ya
2,100,2.8,77,89,Ya
3,97,5.7,63,83,Ya
4,78,5.3,46,77,Tidak
5,100,3.6,68,89,Ya
6,94,4.0,59,80,Tidak
7,92,4.9,84,66,Ya
8,64,7.1,91,61,Ya
9,80,4.7,57,73,Tidak
10,68,3.7,75,74,Tidak
11,71,7.1,66,77,Ya
12,100,6.8,50,86,Ya
13,99,6.1,69,62,Ya
14,56,6.7,70,50,Tidak
15,95,6.3,84,93,Ya
16,60,7.9,77,88,Ya
17,67,2.9,75,99,Ya
18,67,3.3,87,62,Ya
19,92,6.6,56,90,Ya
20,89,5.3,91,73,Ya
21,92,2.4,68,77,Tidak
22,87,5.5,89,86,Ya
23,99,2.1,91,96,Ya
24,63,2.3,88,53,Tidak
25,83,5.1,87,52,Ya
26,99,2.6,75,64,Ya
27,90,7.1,63,93,Ya
28,75,5.9,45,88,Ya
29,95,3.4,73,90,Ya
30,84,5.0,70,52,Tidak
31,67,2.5,60,98,Tidak
32,91,3.7,47,85,Tidak
33,89,1.9,69,55,Tidak
34,92,2.3,90,57,Tidak
35,56,3.3,50,63,Tidak
36,58,6.6,55,67,Tidak
37,100,5.5,61,47,Tidak
38,70,3.4,66,95,Ya
39,76,5.2,70,49,Tidak
40,97,4.0,46,75,Tidak
41,60,7.8,66,79,Ya
42,96,7.1,96,70,Ya
43,76,4.8,94,63,Ya
44,84,5.8,48,83,Ya
45,90,2.4,92,49,Tidak
46,72,2.0,89,76,Tidak
47,58,5.1,69,68,Tidak
48,76,3.0,100,77,Ya
49,61,7.7,65,57,Ya
50,100,2.8,85,62,Tidak
51,57,2.4,99,76,Tidak
52,55,4.5,51,88,Tidak
53,78,7.7,89,56,Ya
54,85,6.3,62,99,Ya
55,55,1.8,59,40,Tidak
56,67,6.6,73,41,Tidak
57,69,1.1,92,86,Tidak
58,82,1.8,53,60,Tidak
59,74,2.6,76,64,Tidak
60,77,2.1,89,42,Tidak
61,100,4.6,75,78,Ya
62,98,4.7,94,88,Ya
63,65,6.9,75,52,Ya
64,76,4.0,78,48,Tidak
65,66,7.8,67,93,Ya
66,75,4.0,72,87,Ya
67,65,1.1,62,95,Tidak
68,71,4.8,88,81,Ya
69,56,5.3,66,58,Tidak
70,93,3.4,51,90,Ya
71,64,2.7,57,96,Tidak
72,79,6.1,89,84,Ya
73,62,6.8,72,98,Tidak
74,69,4.2,96,91,Ya
75,94,1.5,94,64,Tidak
76,76,2.7,50,73,Ya
77,89,3.1,74,64,Tidak
78,67,7.1,69,52,Ya
79,70,1.9,71,56,Tidak
80,67,7.1,84,58,Tidak
81,100,3.3,83,56,Tidak
82,68,8.0,48,79,Ya
83,69,2.7,48,43,Tidak
84,74,4.2,50,48,Tidak
85,84,1.0,54,70,Tidak
86,67,3.5,98,74,Ya
87,76,5.4,79,55,Tidak
88,81,3.6,96,47,Tidak
89,93,4.1,55,61,Tidak
90,80,4.2,49,90,Ya
91,73,1.2,71,67,Tidak
92,90,1.8,70,49,Tidak
93,69,3.3,79,68,Tidak
94,72,6.5,83,99,Ya
95,69,5.3,92,57,Ya
96,60,7.3,66,77,Ya
97,58,3.6,74,93,Ya
98,63,1.3,59,72,Tidak
99,100,1.8,51,60,Tidak
100,96,1.6,100,64,Tidak
101,72,2.0,94,79,Tidak
102,64,5.9,82,53,Tidak
103,79,6.4,67,72,Ya
104,87,1.5,88,75,Tidak
105,61,6.9,79,63,Ya
106,56,3.0,50,42,Tidak
107,98,7.4,82,56,Ya
108,80,2.8,57,50,Tidak
109,73,3.8,60,94,Ya
110,93,7.2,88,66,Ya
111,61,1.4,51,82,Tidak
112,60,6.1,60,99,Ya
113,84,5.0,96,85,Ya
114,76,6.0,48,88,Ya
115,64,6.6,52,77,Ya
116,98,7.3,59,41,Ya
117,85,6.9,51,73,Ya
118,80,7.4,65,92,Ya
119,100,3.0,86,68,Tidak
120,81,3.9,82,66,Tidak
121,82,7.8,48,85,Ya
122,68,5.2,49,42,Ya
123,57,5.1,100,94,Ya
124,85,2.1,45,76,Tidak
125,74,4.2,80,50,Tidak
126,87,4.9,51,45,Tidak
127,97,1.9,61,59,Tidak
128,65,4.6,96,86,Ya
129,84,5.7,53,50,Tidak
130,76,1.8,51,61,Tidak
131,74,7.5,74,74,Ya
132,93,6.7,54,89,Ya
133,56,7.7,78,45,Ya
134,81,3.5,48,44,Tidak
135,62,7.4,64,78,Ya
136,70,7.5,95,89,Ya
137,65,2.0,65,85,Tidak
138,90,2.7,94,60,Tidak
139,93,3.5,72,91,Ya
140,56,2.6,91,64,Tidak
141,60,3.1,68,100,Tidak
142,72,3.0,64,97,Ya
143,71,3.6,51,54,Tidak
144,76,2.2,80,67,Tidak
145,76,6.0,53,95,Ya
146,87,6.0,53,82,Ya
147,98,1.7,52,46,Tidak
148,97,2.3,97,42,Ya
149,58,4.9,50,59,Ya
150,95,3.9,65,72,Ya
